開始時間,終了時間,非表示状態,1位プレイヤー名,1位PT,1位最終点数,2位プレイヤー名,2位PT,2位最終点数,3位プレイヤー名,3位PT,3位最終点数,4位プレイヤー名,4位PT,4位最終点数,牌譜リンク,備考
2026-10-05 21:57:24,2026-10-05 22:37:36,no,[JP][128142273]ーはまちー,43400,63.4,[JP][101672072]きょーか8,42300,22.3,[JP][105958026]モモンs,29500,-10.5,[JP][132889350]綴美,-15200,-75.2,261005-1ebcd6b1-9ac6-4616-9240-390b6ff89d76,
2026-10-05 21:56:37,2026-10-05 22:34:52,no,[JP][140986564]ミラージュ梅,42400,62.4,[JP][141362566]まー29,32100,12.1,[JP][84158849]しゅんんたろう,14700,-25.3,[JP][121291970]クッション枕,10800,-49.2,261005-736208f4-6240-4a30-8146-3f7e453137e4,
2026-10-05 20:57:28,2026-10-05 21:45:39,no,[JP][84158849]しゅんんたろう,47200,67.2,[JP][130636363]龍華。。,20700,0.7,[JP][91745475]のあだよ〜ん,17800,-22.2,[JP][121573512]wot毒舌妹bot,14300,-45.7,261005-009ecced-305a-4c1c-8b09-70f46dc1d621,
2026-10-05 20:59:51,2026-10-05 21:38:33,no,[JP][85850055]十勝寅,37800,57.8,[JP][113140034]クロミです,28500,8.5,[JP][127500682]めいぴょい,26300,-13.7,[JP][102767246]やまどりぃ,7400,-52.6,261005-22ca5b7e-f673-4814-b495-595e72d3e755,
2026-10-03 21:58:09,2026-10-03 23:08:08,no,[JP][139970501]ココとコマ,115200,135.2,[JP][127685187]yukke_08,5300,-14.7,[JP][100881664]ハッチz,-3400,-43.4,[JP][103136012]ルート12345,-17100,-77.1,261003-33a58270-346c-4142-bd37-8c208f2a4722,
2026-10-03 21:58:44,2026-10-03 22:38:12,no,[JP][130945282]プニ太郎,51000,71,[JP][129773571]うに嫌い。,34900,14.9,[JP][137746445]ここここきじゅ,24800,-15.2,[JP][135989001]ちたーふ,-10700,-70.7,261003-9d24ae33-c784-42c8-91bf-65c53bdb5dfe,
2026-10-03 20:58:19,2026-10-03 21:34:07,no,[JP][116517186]ぞじまーじゃん,42700,62.7,[JP][85850055]十勝寅,27900,7.9,[JP][129773571]うに嫌い。,22700,-17.3,[JP][135989001]ちたーふ,6700,-53.3,261003-d5aac4b1-cd17-4992-9233-a2442a5dc155,
2026-10-03 20:58:35,2026-10-03 21:29:44,no,[JP][113140034]クロミです,60600,80.6,[JP][104870668]けーびぃー,17600,-2.4,[JP][122700559]ひつじ04,16800,-23.2,[JP][85657666]tsuna_san,5000,-55,261003-24786789-9bfd-45c8-891a-cd4d635a0472,
2026-09-30 22:08:22,2026-09-30 22:53:06,no,[JP][109832068]Joyo,34300,54.3,[JP][127685187]yukke_08,25300,5.3,[JP][107121024]ミルモでチー,22500,-17.5,[JP][135989001]ちたーふ,17900,-42.1,260930-622a4d6f-ff3a-4dfe-8a67-676178fa905d,
2026-09-30 22:09:12,2026-09-30 22:38:51,no,[JP][126958659]tazmitu,29400,49.4,[JP][103999753]kotetsu0422,26700,6.7,[JP][128534146]アラキ,22400,-17.6,[JP][113140034]クロミです,21500,-38.5,260930-a423ab2c-24e5-4513-9882-039a781c89e7,
2026-09-30 22:07:33,2026-09-30 22:37:40,no,[JP][102767246]やまどりぃ,34200,54.2,[JP][110084301]かんんちゃ,26800,6.8,[JP][113816715]あるですけど,22700,-17.3,[JP][100881664]ハッチz,16300,-43.7,260930-6b55ee68-9d1f-4242-a79f-4e07468697c5,
2026-09-30 20:57:18,2026-09-30 21:56:38,no,[JP][103136012]ルート12345,36300,56.3,[JP][127500682]めいぴょい,34400,14.4,[JP][126958659]tazmitu,27200,-12.8,[JP][136382147]【ぺた】,2100,-57.9,260930-5fcd0ba6-3188-4bf2-bde0-588553087550,
2026-09-30 20:56:24,2026-09-30 21:39:32,no,[JP][108211976]佐鳥乃愛,46900,66.9,[JP][102767246]やまどりぃ,44400,24.4,[JP][104870668]けーびぃー,10900,-29.1,[JP][86425605]suzuken3,-2200,-62.2,260930-153e15b6-d630-4951-8327-e5a820f11cfe,
2026-09-30 20:57:53,2026-09-30 21:35:03,no,[JP][137746445]ここここきじゅ,43000,63,[JP][122700559]ひつじ04,35300,15.3,[JP][141362566]まー29,11900,-28.1,[JP][109832068]Joyo,9800,-50.2,260930-0cbe4d63-3d7c-4e2c-a13f-f5a6654987d6,
2026-09-28 21:56:44,2026-09-28 22:47:24,no,[JP][107121024]ミルモでチー,37700,57.7,[JP][101672072]きょーか8,36100,16.1,[JP][91745475]のあだよ〜ん,19100,-20.9,[JP][85657666]tsuna_san,7100,-52.9,260928-15cdaee1-aa44-4035-ab09-dd6808761c6c,
2026-09-28 21:58:11,2026-09-28 22:43:56,no,[JP][99489737]閄くん,41600,61.6,[JP][121446473]Akise299,38900,18.9,[JP][116517186]ぞじまーじゃん,13700,-26.3,[JP][110404097]crac,5800,-54.2,260928-804652a2-6089-435d-aded-2525ff7208d3,
2026-09-28 21:58:14,2026-09-28 22:27:25,no,[JP][140986564]ミラージュ梅,37400,57.4,[JP][128142273]ーはまちー,27200,7.2,[JP][130636363]龍華。。,26800,-13.2,[JP][141442184]パラセクト。,8600,-51.4,260928-31ec935b-c281-4953-a1c7-1a10f2621e14,
2026-09-28 20:58:51,2026-09-28 21:46:30,no,[JP][132889350]綴美,51800,71.8,[JP][105958026]モモンs,30000,10,[JP][121291970]クッション枕,19000,-21,[JP][99259658]CVココア,-800,-60.8,260928-a71a58dd-2d78-4992-9218-1aeebdb4a447,
2026-09-28 21:00:00,2026-09-28 21:46:25,no,[JP][121573512]wot毒舌妹bot,40100,60.1,[JP][108211976]佐鳥乃愛,29700,9.7,[JP][141362566]まー29,21800,-18.2,[JP][129773571]うに嫌い。,8400,-51.6,260928-fe209529-0b12-4bad-aab5-94a46fefba2b,
2026-09-28 20:59:28,2026-09-28 21:45:50,no,[JP][116517186]ぞじまーじゃん,43800,63.8,[JP][128534146]アラキ,36200,16.2,[JP][110084301]かんんちゃ,10100,-29.9,[JP][123527427]いぐすけ,9900,-50.1,260928-c9c2af90-640b-4c00-9adc-0de0cc1f45ee,
2026-09-26 21:57:29,2026-09-26 22:41:02,no,[JP][103136012]ルート12345,44200,64.2,[JP][123842955]アヤコぽん,34100,14.1,[JP][123527427]いぐすけ,18500,-21.5,[JP][104870668]けーびぃー,3200,-56.8,260926-9cdb38c9-1d3c-4cdd-8e2f-4bb2ade13464,
2026-09-26 21:56:37,2026-09-26 22:38:57,no,[JP][91745475]のあだよ〜ん,40900,60.9,[JP][110084301]かんんちゃ,31000,11,[JP][107121024]ミルモでチー,27800,-12.2,[JP][130945282]プニ太郎,300,-59.7,260926-08eeb23d-ee46-4abe-bfab-d50e295f13ea,
2026-09-26 21:58:11,2026-09-26 22:31:01,no,[JP][128534146]アラキ,39400,59.4,[JP][128142273]ーはまちー,23400,3.4,[JP][135989001]ちたーふ,23300,-16.7,[JP][85657666]tsuna_san,13900,-46.1,260926-3b1d5eb3-f641-45e3-90d0-3ff182d8722f,
2026-09-26 20:56:42,2026-09-26 21:34:58,no,[JP][127500682]めいぴょい,35800,55.8,[JP][102767246]やまどりぃ,32800,12.8,[JP][135989001]ちたーふ,20700,-19.3,[JP][136382147]【ぺた】,10700,-49.3,260926-7458c74a-539b-4747-a975-79464c8f3b21,
2026-09-26 20:58:35,2026-09-26 21:33:25,no,[JP][137746445]ここここきじゅ,46600,66.6,[JP][84158849]しゅんんたろう,36900,16.9,[JP][122700559]ひつじ04,10300,-29.7,[JP][110084301]かんんちゃ,6200,-53.8,260926-621c03ef-4ad7-4ad3-b1b7-b2a694d521ee,
2026-09-26 20:57:29,2026-09-26 21:26:01,no,[JP][108211976]佐鳥乃愛,34300,54.3,[JP][113140034]クロミです,29500,9.5,[JP][121573512]wot毒舌妹bot,18100,-21.9,[JP][132385032]富士丸ラーメン,18100,-41.9,260926-f9e1812d-ba64-4652-b2ac-e05c4de99f0c,
2026-09-23 22:11:53,2026-09-23 22:44:53,no,[JP][121446473]Akise299,84700,104.7,[JP][103999753]kotetsu0422,34400,14.4,[JP][132889350]綴美,-8300,-48.3,[JP][110084301]かんんちゃ,-10800,-70.8,260923-555d14a1-dc2f-4685-9809-5b2beaa78239,
2026-09-23 21:58:12,2026-09-23 22:40:55,no,[JP][126958659]tazmitu,50500,70.5,[JP][135989001]ちたーふ,21500,1.5,[JP][113816715]あるですけど,19800,-20.2,[JP][103136012]ルート12345,8200,-51.8,260923-5844bf0b-e86b-42c8-ba62-8a27459ac12e,
2026-09-23 21:56:36,2026-09-23 22:26:44,no,[JP][127685187]yukke_08,44400,64.4,[JP][139970501]ココとコマ,31100,11.1,[JP][121573512]wot毒舌妹bot,17500,-22.5,[JP][110404097]crac,7000,-53,260923-9cb3bbf7-b64a-4e5a-8450-a0330ab60d32,
2026-09-23 20:58:26,2026-09-23 21:45:56,no,[JP][116517186]ぞじまーじゃん,57600,77.6,[JP][103136012]ルート12345,29800,9.8,[JP][141362566]まー29,29100,-10.9,[JP][113816715]あるですけど,-16500,-76.5,260923-6a6897b2-a333-491a-9c48-7efc441629d1,
2026-09-23 20:55:40,2026-09-23 21:39:32,no,[JP][136382147]【ぺた】,35100,55.1,[JP][127500682]めいぴょい,32400,12.4,[JP][85850055]十勝寅,20000,-20,[JP][86425605]suzuken3,12500,-47.5,260923-05ae73ff-d24e-410d-8d30-386941388f0a,
2026-09-23 20:57:11,2026-09-23 21:20:57,no,[JP][104870668]けーびぃー,44500,64.5,[JP][121291970]クッション枕,25300,5.3,[JP][105958026]モモンs,20900,-19.1,[JP][110404097]crac,9300,-50.7,260923-2a770327-777a-4d6e-ab4c-e7f90863942a,
2026-09-21 21:59:07,2026-09-21 22:51:20,no,[JP][130945282]プニ太郎,56500,76.5,[JP][121573512]wot毒舌妹bot,47600,27.6,[JP][101672072]きょーか8,6800,-33.2,[JP][123527427]いぐすけ,-10900,-70.9,260921-6dc08154-27d8-4aa8-a07d-c045252ddfdb,
2026-09-21 21:58:09,2026-09-21 22:31:43,no,[JP][132889350]綴美,39400,59.4,[JP][85657666]tsuna_san,39200,19.2,[JP][141442184]パラセクト。,12600,-27.4,[JP][128534146]アラキ,8800,-51.2,260921-b768787b-476a-4c66-8bbf-2dc62b179a60,
2026-09-21 21:57:06,2026-09-21 22:29:28,no,[JP][135562955]【くぅー】,47700,67.7,[JP][91745475]のあだよ〜ん,30400,10.4,[JP][103999753]kotetsu0422,13600,-26.4,[JP][86425605]suzuken3,8300,-51.7,260921-96645127-fbd4-4231-a4a7-65695ceee21a,
2026-09-21 20:59:17,2026-09-21 21:42:42,no,[JP][141362566]まー29,46000,66,[JP][110084301]かんんちゃ,41500,21.5,[JP][129773571]うに嫌い。,7200,-32.8,[JP][91745475]のあだよ〜ん,5300,-54.7,260921-09894067-03d3-47db-adda-2128da66994c,
2026-09-21 20:58:49,2026-09-21 21:32:47,no,[JP][116517186]ぞじまーじゃん,32600,52.6,[JP][104870668]けーびぃー,23900,3.9,[JP][123527427]いぐすけ,23100,-16.9,[JP][113140034]クロミです,20400,-39.6,260921-b39a72ea-5492-4ab1-9cf3-53a427559fe7,
2026-09-21 20:58:01,2026-09-21 21:29:27,no,[JP][132889350]綴美,36500,56.5,[JP][139970501]ココとコマ,32600,12.6,[JP][128534146]アラキ,22700,-17.3,[JP][123842955]アヤコぽん,8200,-51.8,260921-4a6480a5-c07c-4ee4-8ba4-01892233c998,
2026-09-19 22:05:50,2026-09-19 22:55:34,no,[JP][130945282]プニ太郎,55300,75.3,[JP][99489737]閄くん,33500,13.5,[JP][121573512]wot毒舌妹bot,24200,-15.8,[JP][121446473]Akise299,-13000,-73,260919-81ba15e6-c464-4821-b482-2de7adf5f9c2,
2026-09-19 22:06:42,2026-09-19 22:47:25,no,[JP][103136012]ルート12345,47500,67.5,[JP][121291970]クッション枕,37700,17.7,[JP][128142273]ーはまちー,13200,-26.8,[JP][108211976]佐鳥乃愛,1600,-58.4,260919-b384fd54-d8da-4635-9564-088deb137f8e,
2026-09-19 21:59:26,2026-09-19 22:41:22,no,[JP][132385032]富士丸ラーメン,31800,51.8,[JP][85657666]tsuna_san,25400,5.4,[JP][107121024]ミルモでチー,24600,-15.4,[JP][130636363]龍華。。,18200,-41.8,260919-e793ad76-612b-4cad-b6aa-81493967ba8f,
2026-09-19 20:57:06,2026-09-19 21:57:31,no,[JP][104870668]けーびぃー,45700,65.7,[JP][126958659]tazmitu,37400,17.4,[JP][86425605]suzuken3,18600,-21.4,[JP][136382147]【ぺた】,-1700,-61.7,260919-4e33c2f4-90fd-4e25-9d51-6a509477d393,
2026-09-19 20:59:03,2026-09-19 21:45:56,no,[JP][137746445]ここここきじゅ,49000,69,[JP][132385032]富士丸ラーメン,20600,0.6,[JP][105958026]モモンs,17100,-22.9,[JP][135562955]【くぅー】,13300,-46.7,260919-a33a769c-b40a-49e4-a78d-0f0965f66a4a,
2026-09-19 20:58:06,2026-09-19 21:43:09,no,[JP][127685187]yukke_08,47400,67.4,[JP][141442184]パラセクト。,35400,15.4,[JP][127500682]めいぴょい,18700,-21.3,[JP][113140034]クロミです,-1500,-61.5,260919-6cd29351-5a54-4590-a80d-bf4289a9c1d4,
2026-09-16 22:00:26,2026-09-16 22:46:51,no,[JP][137746445]ここここきじゅ,41900,61.9,[JP][84158849]しゅんんたろう,30100,10.1,[JP][132385032]富士丸ラーメン,21700,-18.3,[JP][113816715]あるですけど,6300,-53.7,260916-7f21f410-effe-49fb-872c-b72408e326a6,
2026-09-16 22:00:33,2026-09-16 22:41:18,no,[JP][102767246]やまどりぃ,40800,60.8,[JP][100881664]ハッチz,29400,9.4,[JP][103999753]kotetsu0422,28100,-11.9,[JP][86425605]suzuken3,1700,-58.3,260916-96c78681-0a4a-45bf-a7bd-a350e7553e90,
2026-09-16 22:01:53,2026-09-16 22:34:58,no,[JP][141362566]まー29,44600,64.6,[JP][99259658]CVココア,30000,10,[JP][127685187]yukke_08,15200,-24.8,[JP][121446473]Akise299,10200,-49.8,260916-dd073abd-c797-42b3-a76a-728efa9daf74,
2026-09-16 21:03:28,2026-09-16 21:51:57,no,[JP][102767246]やまどりぃ,63000,83,[JP][127500682]めいぴょい,33600,13.6,[JP][110084301]かんんちゃ,4200,-35.8,[JP][140986564]ミラージュ梅,-800,-60.8,260916-58c99f7d-b011-443c-835a-24172ae30888,
2026-09-16 20:59:02,2026-09-16 21:48:42,no,[JP][101672072]きょーか8,41400,61.4,[JP][130636363]龍華。。,34500,14.5,[JP][91745475]のあだよ〜ん,25200,-14.8,[JP][87368974]むしちゃんです,-1100,-61.1,260916-bc38c6cb-4c45-42fa-a5b9-2d79fcc21284,
2026-09-16 21:01:58,2026-09-16 21:27:48,no,[JP][85850055]十勝寅,35700,55.7,[JP][116517186]ぞじまーじゃん,34400,14.4,[JP][123842955]アヤコぽん,20500,-19.5,[JP][110404097]crac,9400,-50.6,260916-83a725ec-6556-41f6-9c9c-1d2b77137808,
2026-09-14 21:59:57,2026-09-14 22:46:09,no,[JP][129773571]うに嫌い。,45900,65.9,[JP][132889350]綴美,30200,10.2,[JP][126958659]tazmitu,14900,-25.1,[JP][139970501]ココとコマ,9000,-51,260914-bd64b037-0248-43b7-af6a-1144ce6cfdfd,
2026-09-14 21:57:42,2026-09-14 22:35:29,no,[JP][135562955]【くぅー】,55000,75,[JP][103136012]ルート12345,31400,11.4,[JP][89745024]椎名_彩矢奈,12600,-27.4,[JP][132385032]富士丸ラーメン,1000,-59,260914-91b521ef-4d28-44c4-a5d7-844c337d3a2e,
2026-09-14 21:59:17,2026-09-14 22:33:49,no,[JP][104870668]けーびぃー,34100,54.1,[JP][123842955]アヤコぽん,30000,10,[JP][121291970]クッション枕,23200,-16.8,[JP][121446473]Akise299,12700,-47.3,260914-398bb058-fdb9-4d85-ad9b-ac237b50c48d,
2026-09-14 21:01:46,2026-09-14 21:46:12,no,[JP][105958026]モモンs,48700,68.7,[JP][85850055]十勝寅,28000,8,[JP][126958659]tazmitu,13500,-26.5,[JP][128142273]ーはまちー,9800,-50.2,260914-95f2a49c-591f-40cc-be5d-eb7332142dd4,
2026-09-14 21:01:02,2026-09-14 21:32:59,no,[JP][123842955]アヤコぽん,38300,58.3,[JP][140986564]ミラージュ梅,27300,7.3,[JP][136382147]【ぺた】,21700,-18.3,[JP][122700559]ひつじ04,12700,-47.3,260914-deb43a8d-da23-4d54-8293-89781c19abd2,
2026-09-14 20:59:03,2026-09-14 21:31:15,no,[JP][109832068]Joyo,56200,76.2,[JP][99259658]CVココア,16700,-3.3,[JP][130636363]龍華。。,15300,-24.7,[JP][86425605]suzuken3,11800,-48.2,260914-27885d70-040f-4c20-837b-ca7bb6a92dbe,
2026-09-12 21:57:13,2026-09-12 22:43:05,no,[JP][103999753]kotetsu0422,34000,54,[JP][135989001]ちたーふ,33100,13.1,[JP][122700559]ひつじ04,22600,-17.4,[JP][141442184]パラセクト。,10300,-49.7,260912-b02078e4-f041-43dc-8501-72044a8573a3,
2026-09-12 22:00:31,2026-09-12 22:41:24,no,[JP][113140034]クロミです,45400,65.4,[JP][85657666]tsuna_san,36100,16.1,[JP][130945282]プニ太郎,10100,-29.9,[JP][128534146]アラキ,8400,-51.6,260912-11665164-8d54-49a7-bd2c-dece7ecfdcbe,
2026-09-12 21:58:09,2026-09-12 22:30:52,no,[JP][109832068]Joyo,48400,68.4,[JP][107121024]ミルモでチー,27800,7.8,[JP][89745024]椎名_彩矢奈,24900,-15.1,[JP][104870668]けーびぃー,-1100,-61.1,260912-f142f8c5-7d51-451c-a2b7-4bb6ef5da60c,
2026-09-12 21:01:03,2026-09-12 21:42:09,no,[JP][136382147]【ぺた】,47700,67.7,[JP][113140034]クロミです,29200,9.2,[JP][130945282]プニ太郎,13700,-26.3,[JP][102767246]やまどりぃ,9400,-50.6,260912-cc3d301b-f5da-4136-9586-52bc0b306b29,
2026-09-12 20:57:59,2026-09-12 21:35:54,no,[JP][121573512]wot毒舌妹bot,41100,61.1,[JP][85850055]十勝寅,24100,4.1,[JP][110404097]crac,17700,-22.3,[JP][110084301]かんんちゃ,17100,-42.9,260912-7f89a7b5-0122-49c4-8adf-bb3182ed4cc8,
2026-09-12 20:56:29,2026-09-12 21:25:42,no,[JP][127685187]yukke_08,44200,64.2,[JP][127500682]めいぴょい,35400,15.4,[JP][141442184]パラセクト。,12800,-27.2,[JP][135562955]【くぅー】,7600,-52.4,260912-a7674757-fd48-4446-9f46-48fe675c6feb,
2026-09-09 21:56:52,2026-09-09 22:42:39,no,[JP][107121024]ミルモでチー,33100,53.1,[JP][101672072]きょーか8,28900,8.9,[JP][104870668]けーびぃー,23000,-17,[JP][129773571]うに嫌い。,15000,-45,260909-b78a752e-5993-4b2b-973d-225b4bdbfe4c,
2026-09-09 21:57:38,2026-09-09 22:40:56,no,[JP][108211976]佐鳥乃愛,37600,57.6,[JP][89745024]椎名_彩矢奈,32500,12.5,[JP][135989001]ちたーふ,23800,-16.2,[JP][84158849]しゅんんたろう,6100,-53.9,260909-149a7493-0db1-4969-a073-734ecb775f08,
2026-09-09 21:58:25,2026-09-09 22:36:35,no,[JP][121446473]Akise299,39700,59.7,[JP][109832068]Joyo,36400,16.4,[JP][91745475]のあだよ〜ん,28100,-11.9,[JP][105958026]モモンs,-4200,-64.2,260909-0c58e7ca-3625-4d2a-9b12-ce021e00acb5,
2026-09-09 20:59:25,2026-09-09 21:35:57,no,[JP][137746445]ここここきじゅ,39400,59.4,[JP][99259658]CVココア,36700,16.7,[JP][121573512]wot毒舌妹bot,24500,-15.5,[JP][128142273]ーはまちー,-600,-60.6,260909-5952ed27-b30c-429a-9edb-8a54c1b164d4,
2026-09-09 20:58:00,2026-09-09 21:32:52,no,[JP][139970501]ココとコマ,40100,60.1,[JP][123527427]いぐすけ,26000,6,[JP][127685187]yukke_08,23000,-17,[JP][128534146]アラキ,10900,-49.1,260909-fd8f5718-559e-43c1-8915-a8523c4f995d,
2026-09-09 20:59:53,2026-09-09 21:24:34,no,[JP][141362566]まー29,33900,53.9,[JP][110084301]かんんちゃ,33000,13,[JP][116517186]ぞじまーじゃん,28800,-11.2,[JP][113816715]あるですけど,4300,-55.7,260909-01f5d8e5-a1b5-428c-b24f-09846e9f5280,
2026-09-07 22:00:23,2026-09-07 22:44:33,no,[JP][109832068]Joyo,31300,51.3,[JP][122700559]ひつじ04,25000,5,[JP][116517186]ぞじまーじゃん,24500,-15.5,[JP][128142273]ーはまちー,19200,-40.8,260907-35d9df89-a2bc-4d12-aee8-376d320c7194,
2026-09-07 22:01:46,2026-09-07 22:41:04,no,[JP][102767246]やまどりぃ,36800,56.8,[JP][108211976]佐鳥乃愛,28500,8.5,[JP][101672072]きょーか8,22800,-17.2,[JP][99489737]閄くん,11900,-48.1,260907-536c2c8b-c590-4f78-9e95-12b0b75018c3,
2026-09-07 21:56:41,2026-09-07 22:27:49,no,[JP][140986564]ミラージュ梅,44300,64.3,[JP][107121024]ミルモでチー,25900,5.9,[JP][87368974]むしちゃんです,15300,-24.7,[JP][135562955]【くぅー】,14500,-45.5,260907-1f5aa0f6-6661-4f3f-bf8e-238ea3c0d913,
2026-09-07 20:57:02,2026-09-07 21:51:10,no,[JP][121291970]クッション枕,89000,109,[JP][130945282]プニ太郎,17500,-2.5,[JP][129773571]うに嫌い。,-2200,-42.2,[JP][123527427]いぐすけ,-4300,-64.3,260907-198c967f-da99-4139-ba08-e5c00ac46443,
2026-09-07 20:55:31,2026-09-07 21:42:36,no,[JP][137746445]ここここきじゅ,69100,89.1,[JP][104870668]けーびぃー,17700,-2.3,[JP][136382147]【ぺた】,16800,-23.2,[JP][130636363]龍華。。,-3600,-63.6,260907-ba1933f3-06e7-4133-8f8e-093fb6d1c87f,
2026-09-07 20:58:27,2026-09-07 21:32:06,no,[JP][86425605]suzuken3,62000,82,[JP][99259658]CVココア,21700,1.7,[JP][102767246]やまどりぃ,9600,-30.4,[JP][113816715]あるですけど,6700,-53.3,260907-ae38bb20-d61b-487f-86bf-7139af5ad8d1,
2026-09-05 21:57:21,2026-09-05 22:55:29,no,[JP][127685187]yukke_08,37600,57.6,[JP][103136012]ルート12345,26900,6.9,[JP][132889350]綴美,19900,-20.1,[JP][99489737]閄くん,15600,-44.4,260905-45e2b13a-d6a6-4707-bc2d-51033b9885f3,
2026-09-05 21:58:21,2026-09-05 22:31:09,no,[JP][139970501]ココとコマ,38100,58.1,[JP][130636363]龍華。。,24400,4.4,[JP][100881664]ハッチz,24200,-15.8,[JP][84158849]しゅんんたろう,13300,-46.7,260905-4fe937a4-18d7-4223-8546-df9e4021fadd,
2026-09-05 21:58:57,2026-09-05 22:29:15,no,[JP][136382147]【ぺた】,30400,50.4,[JP][127500682]めいぴょい,30100,10.1,[JP][123842955]アヤコぽん,22800,-17.2,[JP][110404097]crac,16700,-43.3,260905-67944b49-a0cf-44bf-b6ff-ad7298161bde,
2026-09-05 20:58:44,2026-09-05 21:31:48,no,[JP][135562955]【くぅー】,33700,53.7,[JP][104870668]けーびぃー,32700,12.7,[JP][105958026]モモンs,24300,-15.7,[JP][126958659]tazmitu,9300,-50.7,260905-e55c0e66-4317-41d3-b230-03dc22c80d65,
2026-09-05 20:59:38,2026-09-05 21:27:45,no,[JP][113140034]クロミです,32900,52.9,[JP][110084301]かんんちゃ,28900,8.9,[JP][85850055]十勝寅,24300,-15.7,[JP][122700559]ひつじ04,13900,-46.1,260905-f5d7a1fd-774f-42f0-88c7-5c0627b0b142,
2026-09-05 20:57:32,2026-09-05 21:26:21,no,[JP][132385032]富士丸ラーメン,31300,51.3,[JP][103999753]kotetsu0422,27500,7.5,[JP][128534146]アラキ,25400,-14.6,[JP][141442184]パラセクト。,15800,-44.2,260905-e5a39275-9fa6-4cfd-bd15-9c26fea7054f,
